locus	n_snps	PP0	PP1	PP2	PP3	PP4	prediction	verdict	best_rsid	best_beta_exp	best_beta_out
SEMA3A	3614	0.0005191787312580373	0.9135734782744476	0.00018563059374356107	9.038325880582129e-05	0.08563132914174505	P4-4: PP4 > 0.5	DENIED    (PP4=0.086 <  0.5)	rs78404854	0.071074	-0.0969225
CSMD1	10943	1.8124159951958155e-06	0.9118864175338989	1.9622351716766017e-06	9.021889785481408e-05	0.08801958891707953	P4-5: PP4 > 0.3	DENIED    (PP4=0.088 <  0.3)	rs4383974	0.059401	-0.0754025
