locus	n_snps_positional	n_snps_rsid	PP0	PP1	PP2	PP3	PP4	step4_PP4	PP4_change	best_pos	best_beta_exp	best_beta_out	verdict
SEMA3A	3615	3614	0.0005191786856048577	0.9135734329502615	0.00018568071445261382	9.038265693251695e-05	0.08563132499274856	0.086	-0.00036867500725143443	83662138	0.071074	-0.0969225	DENIED — power limitation
CSMD1	10959	10943	1.812351382003905e-06	0.9118863826964991	1.9649845484683674e-06	9.021661745774263e-05	0.08801962335011251	0.088	1.96233501125187e-05	9619348	0.059401	-0.0754025	DENIED — power limitation
