chr	rsid	pos	a1	a2	beta	se	lp	p
8	rs4383974	9619348	C	G	0.059401	0.008688	11.084	8.241388099527989e-12
8	rs3088186	10226355	C	T	0.057589	0.0085813	10.706	1.9678848031755587e-11
8	rs755856	10736552	C	G	-0.053535	0.0083085	9.9263	1.1849497977511829e-10
8	rs2979255	8919309	C	T	0.048746	0.0081919	8.5682	2.702712738742802e-09
8	rs2409797	11433780	T	C	-0.045647	0.0080332	7.8725	1.3412201121177831e-08
