rsid	chr	pos	beta_exp	beta_out	concordant	aligned	note
rs2189574	4	97943856	-0.0695739984512329	0.488132	True	True	flipped
rs2713546	2	227177546	0.0622650012373924	-0.347587	True	True	flipped
rs263071	4	96906564	-0.0715460032224655	0.0224445	True	True	direct
rs4383974	8	9619348	0.0594010017812252	-0.0754025	True	True	direct
rs3088186	8	10226355	0.0575889982283115	0.561526	False	True	flipped
rs3076538	7	101762573	0.052776001393795				not_found
rs755856	8	10736552	-0.0535349994897842	0.266957	True	True	direct
rs7733216	5	82857870	-0.0641060024499893	0.944308	True	True	direct
12:69676379_TTA_T	12	69676379	0.0513489991426467				not_found
rs2979255	8	8919309	0.0487460009753704				not_found
rs12911569	15	43597297	-0.0602519996464252	0.0906469	True	True	flipped
rs78404854	7	83662138	0.0710740014910698	-0.0969225	True	True	direct
rs12550039	8	123850020	0.0485280007123947	-0.0685663	True	True	direct
rs2409797	8	11433780	-0.0456469990313053	-1.05494	False	True	direct
rs17719345	16	89911681	0.0562950000166893	-0.777751	True	True	flipped
17:44297459_G_A	17	44297459	0.062399998307228				not_found
