chr	rsid	pos	a1	a2	beta	se	lp	p	exposure	phenotype
4	rs2189574	97943856	G	A	-0.06957399845123291	0.008589600212872028	15.244000434875488	5.701637013539858e-16	right_UF_FA	IDP_25100_Right_UF_FA
2	rs2713546	227177546	C	A	0.062265001237392426	0.007991299964487553	14.166000366210938	6.823381187721958e-15	right_UF_FA	IDP_25100_Right_UF_FA
4	rs263071	96906564	A	T	-0.07154600322246552	0.009889599867165089	12.321000099182129	4.775291646018163e-13	right_UF_FA	IDP_25100_Right_UF_FA
8	rs4383974	9619348	C	G	0.059401001781225204	0.008688000030815601	11.083999633789062	8.24138809952799e-12	right_UF_FA	IDP_25100_Right_UF_FA
8	rs3088186	10226355	C	T	0.05758899822831154	0.008581300266087055	10.706000328063965	1.9678848031755587e-11	right_UF_FA	IDP_25100_Right_UF_FA
7	rs3076538	101762573	C	CCT	0.05277600139379501	0.008087899535894394	10.161999702453613	6.886527681579445e-11	right_UF_FA	IDP_25100_Right_UF_FA
8	rs755856	10736552	C	G	-0.05353499948978424	0.008308500051498413	9.926300048828125	1.184949797751183e-10	right_UF_FA	IDP_25100_Right_UF_FA
5	rs7733216	82857870	T	C	-0.06410600244998932	0.00997880008071661	9.871399879455566	1.3446217147527708e-10	right_UF_FA	IDP_25100_Right_UF_FA
12	12:69676379_TTA_T	69676379	TTA	T	0.05134899914264679	0.008595000021159649	8.631600379943848	2.335606203312139e-09	right_UF_FA	IDP_25100_Right_UF_FA
8	rs2979255	8919309	C	T	0.04874600097537041	0.008191900327801704	8.56820011138916	2.702712738742802e-09	right_UF_FA	IDP_25100_Right_UF_FA
15	rs12911569	43597297	T	A	-0.06025199964642525	0.010138999670743942	8.547200202941895	2.8366110937894247e-09	right_UF_FA	IDP_25100_Right_UF_FA
7	rs78404854	83662138	T	C	0.0710740014910698	0.01208100002259016	8.390800476074219	4.066301005916987e-09	right_UF_FA	IDP_25100_Right_UF_FA
8	rs12550039	123850020	A	T	0.048528000712394714	0.008365100249648094	8.177599906921387	6.643548243614647e-09	right_UF_FA	IDP_25100_Right_UF_FA
8	rs2409797	11433780	T	C	-0.04564699903130531	0.008033200167119503	7.872499942779541	1.341220112117783e-08	right_UF_FA	IDP_25100_Right_UF_FA
16	rs17719345	89911681	G	C	0.0562950000166893	0.009994099847972393	7.747600078582764	1.7881334251390667e-08	right_UF_FA	IDP_25100_Right_UF_FA
17	17:44297459_G_A	44297459	G	A	0.06239999830722809	0.011328999884426594	7.436600208282471	3.659314964789104e-08	right_UF_FA	IDP_25100_Right_UF_FA
