method	beta	se	p	note
IVW	-2.964014753554389	2.947116178781531	0.3145435741691398	Q=7.22 df=11 Q_p=0.781 phi=1.00
Weighted_Median	-1.4129224157896794	2.058524953712946	0.49247594529087524	Bootstrap SE 1000 iterations
MR_Egger	-2.964037356289648	2.5035795926729114	0.23644482643352394	intercept=-0.0011 SE=0.1538 p=0.994
Weighted_Mode	-1.2944582891845116	3.5177169952685254	0.7128862841150476	Bootstrap SE 500 iterations
