method	n_instruments	beta	se	p	Q	Q_p	phi	egger_intercept	egger_int_p
IVW	12	-2.964014753554389	2.947116178781531	0.3145435741691398	7.216551915360476	0.7812852847364007	1.0		
Weighted_Median	12	-1.4129224157896794	2.058524953712946	0.49247594529087524					
MR_Egger	12	-2.964037356289648	2.5035795926729114	0.23644482643352394				-0.0010846127988076715	0.9943736016187221
Weighted_Mode	12	-1.2944582891845116	3.5177169952685254	0.7128862841150476					
