rsid	r2_exposure	r2_outcome	n_out_used	direction_correct
rs2189574	0.002088945016768907	1.004330484272898e-05	55857.58	True
rs2713546	0.0019333026744105966	5.013884551912411e-06	48278.58	True
rs263071	0.0016671544082019455	2.9909818384455876e-08	48278.58	True
rs4383974	0.0014893191588555173	2.3266339522446995e-07	55857.58	True
rs3088186	0.0014349486618847624	1.2908021752107303e-05	56632.58	True
rs755856	0.0013229473886861862	3.4918923972645634e-06	40918.58	True
rs7733216	0.0013150927544441943	4.2048930251829745e-05	56398.59	True
rs12911569	0.0011255136923596922	4.65330175531956e-07	56398.59	True
rs78404854	0.00110312206141009	6.191964615032389e-07	55273.3	True
rs12550039	0.0010726636095005403	1.9997549939411956e-07	49011.12	True
rs2409797	0.0010291702939289138	4.385428298107626e-05	50758.58	True
rs17719345	0.0010113465219299912	3.889342145346012e-05	48044.59	True
