rsid	pos	beta_exp	beta_out	p_exp	p_out	concordant	aligned
rs78404854	83662138	0.071074	-0.0969225	4.066305463404279e-09	0.8532	True	True
rs76125976	83651318	0.07102	-0.0893933	4.1333292366620125e-09	0.8489	True	True
rs79643070	83670131	0.071193	-0.175293	4.848417387084473e-09	0.7376	True	True
rs76881522	83670129	0.07117	-0.133489	4.865192179849526e-09	0.7749	True	True
rs17158507	83642711	0.070427	-0.0678175	6.12209409068256e-09	0.8849	True	True
rs76633062	83672716	0.068613	-0.137698	1.2425103069290078e-08	0.7934	True	True
rs2372024	83673021	0.068502	-0.149714	1.3243415351946643e-08	0.7756	True	True
rs59636011	83674590	0.066086	-0.0997122	4.217936138166558e-08	0.8493	True	True
rs2372025	83674323	0.065832	0.112219	4.3812698202249345e-08	0.833	False	True
rs78702998	83677032	0.065938	-0.0820727	4.482290499966208e-08	0.8608	True	True
rs7788378	83647970	0.059709	0.557779	4.878653791974776e-08	0.3253	False	True
